priority,category,location,url
high,housing,Brisbane-QLD,https://askizzy.org.au/housing/Brisbane-QLD
medium,housing,Gold-Coast-QLD,https://askizzy.org.au/housing/Gold-Coast-QLD
low,housing,Sunshine-Coast-QLD,https://askizzy.org.au/housing/Sunshine-Coast-QLD
low,housing,Townsville-QLD,https://askizzy.org.au/housing/Townsville-QLD
low,housing,Cairns-QLD,https://askizzy.org.au/housing/Cairns-QLD
low,housing,Toowoomba-QLD,https://askizzy.org.au/housing/Toowoomba-QLD
low,housing,Ipswich-QLD,https://askizzy.org.au/housing/Ipswich-QLD
low,housing,Logan-City-QLD,https://askizzy.org.au/housing/Logan-City-QLD
high,housing,Queensland,https://askizzy.org.au/housing/Queensland
high,housing,Sydney-NSW,https://askizzy.org.au/housing/Sydney-NSW
medium,housing,Newcastle-NSW,https://askizzy.org.au/housing/Newcastle-NSW
medium,housing,Wollongong-NSW,https://askizzy.org.au/housing/Wollongong-NSW
low,housing,Parramatta-NSW,https://askizzy.org.au/housing/Parramatta-NSW
low,housing,Liverpool-NSW,https://askizzy.org.au/housing/Liverpool-NSW
low,housing,Penrith-NSW,https://askizzy.org.au/housing/Penrith-NSW
low,housing,Blacktown-NSW,https://askizzy.org.au/housing/Blacktown-NSW
high,housing,New-South-Wales,https://askizzy.org.au/housing/New-South-Wales
high,housing,Melbourne-VIC,https://askizzy.org.au/housing/Melbourne-VIC
low,housing,Geelong-VIC,https://askizzy.org.au/housing/Geelong-VIC
low,housing,Ballarat-VIC,https://askizzy.org.au/housing/Ballarat-VIC
low,housing,Bendigo-VIC,https://askizzy.org.au/housing/Bendigo-VIC
low,housing,Shepparton-VIC,https://askizzy.org.au/housing/Shepparton-VIC
high,housing,Victoria,https://askizzy.org.au/housing/Victoria
high,housing,Adelaide-SA,https://askizzy.org.au/housing/Adelaide-SA
low,housing,Mount-Gambier-SA,https://askizzy.org.au/housing/Mount-Gambier-SA
low,housing,South-Australia,https://askizzy.org.au/housing/South-Australia
high,housing,Perth-WA,https://askizzy.org.au/housing/Perth-WA
low,housing,Mandurah-WA,https://askizzy.org.au/housing/Mandurah-WA
low,housing,Bunbury-WA,https://askizzy.org.au/housing/Bunbury-WA
low,housing,Western-Australia,https://askizzy.org.au/housing/Western-Australia
low,housing,Hobart-TAS,https://askizzy.org.au/housing/Hobart-TAS
low,housing,Launceston-TAS,https://askizzy.org.au/housing/Launceston-TAS
low,housing,Tasmania,https://askizzy.org.au/housing/Tasmania
low,housing,Darwin-NT,https://askizzy.org.au/housing/Darwin-NT
low,housing,Alice-Springs-NT,https://askizzy.org.au/housing/Alice-Springs-NT
low,housing,Northern-Territory,https://askizzy.org.au/housing/Northern-Territory
low,housing,Canberra-ACT,https://askizzy.org.au/housing/Canberra-ACT
low,housing,Australian-Capital-Territory,https://askizzy.org.au/housing/Australian-Capital-Territory
high,advice-and-advocacy,Brisbane-QLD,https://askizzy.org.au/advice-and-advocacy/Brisbane-QLD
medium,advice-and-advocacy,Gold-Coast-QLD,https://askizzy.org.au/advice-and-advocacy/Gold-Coast-QLD
low,advice-and-advocacy,Sunshine-Coast-QLD,https://askizzy.org.au/advice-and-advocacy/Sunshine-Coast-QLD
low,advice-and-advocacy,Townsville-QLD,https://askizzy.org.au/advice-and-advocacy/Townsville-QLD
low,advice-and-advocacy,Cairns-QLD,https://askizzy.org.au/advice-and-advocacy/Cairns-QLD
low,advice-and-advocacy,Toowoomba-QLD,https://askizzy.org.au/advice-and-advocacy/Toowoomba-QLD
low,advice-and-advocacy,Ipswich-QLD,https://askizzy.org.au/advice-and-advocacy/Ipswich-QLD
low,advice-and-advocacy,Logan-City-QLD,https://askizzy.org.au/advice-and-advocacy/Logan-City-QLD
high,advice-and-advocacy,Queensland,https://askizzy.org.au/advice-and-advocacy/Queensland
high,advice-and-advocacy,Sydney-NSW,https://askizzy.org.au/advice-and-advocacy/Sydney-NSW
medium,advice-and-advocacy,Newcastle-NSW,https://askizzy.org.au/advice-and-advocacy/Newcastle-NSW
medium,advice-and-advocacy,Wollongong-NSW,https://askizzy.org.au/advice-and-advocacy/Wollongong-NSW
low,advice-and-advocacy,Parramatta-NSW,https://askizzy.org.au/advice-and-advocacy/Parramatta-NSW
low,advice-and-advocacy,Liverpool-NSW,https://askizzy.org.au/advice-and-advocacy/Liverpool-NSW
low,advice-and-advocacy,Penrith-NSW,https://askizzy.org.au/advice-and-advocacy/Penrith-NSW
low,advice-and-advocacy,Blacktown-NSW,https://askizzy.org.au/advice-and-advocacy/Blacktown-NSW
high,advice-and-advocacy,New-South-Wales,https://askizzy.org.au/advice-and-advocacy/New-South-Wales
high,advice-and-advocacy,Melbourne-VIC,https://askizzy.org.au/advice-and-advocacy/Melbourne-VIC
low,advice-and-advocacy,Geelong-VIC,https://askizzy.org.au/advice-and-advocacy/Geelong-VIC
low,advice-and-advocacy,Ballarat-VIC,https://askizzy.org.au/advice-and-advocacy/Ballarat-VIC
low,advice-and-advocacy,Bendigo-VIC,https://askizzy.org.au/advice-and-advocacy/Bendigo-VIC
low,advice-and-advocacy,Shepparton-VIC,https://askizzy.org.au/advice-and-advocacy/Shepparton-VIC
high,advice-and-advocacy,Victoria,https://askizzy.org.au/advice-and-advocacy/Victoria
high,advice-and-advocacy,Adelaide-SA,https://askizzy.org.au/advice-and-advocacy/Adelaide-SA
low,advice-and-advocacy,Mount-Gambier-SA,https://askizzy.org.au/advice-and-advocacy/Mount-Gambier-SA
low,advice-and-advocacy,South-Australia,https://askizzy.org.au/advice-and-advocacy/South-Australia
high,advice-and-advocacy,Perth-WA,https://askizzy.org.au/advice-and-advocacy/Perth-WA
low,advice-and-advocacy,Mandurah-WA,https://askizzy.org.au/advice-and-advocacy/Mandurah-WA
low,advice-and-advocacy,Bunbury-WA,https://askizzy.org.au/advice-and-advocacy/Bunbury-WA
low,advice-and-advocacy,Western-Australia,https://askizzy.org.au/advice-and-advocacy/Western-Australia
low,advice-and-advocacy,Hobart-TAS,https://askizzy.org.au/advice-and-advocacy/Hobart-TAS
low,advice-and-advocacy,Launceston-TAS,https://askizzy.org.au/advice-and-advocacy/Launceston-TAS
low,advice-and-advocacy,Tasmania,https://askizzy.org.au/advice-and-advocacy/Tasmania
low,advice-and-advocacy,Darwin-NT,https://askizzy.org.au/advice-and-advocacy/Darwin-NT
low,advice-and-advocacy,Alice-Springs-NT,https://askizzy.org.au/advice-and-advocacy/Alice-Springs-NT
low,advice-and-advocacy,Northern-Territory,https://askizzy.org.au/advice-and-advocacy/Northern-Territory
low,advice-and-advocacy,Canberra-ACT,https://askizzy.org.au/advice-and-advocacy/Canberra-ACT
low,advice-and-advocacy,Australian-Capital-Territory,https://askizzy.org.au/advice-and-advocacy/Australian-Capital-Territory
high,support-and-counselling,Brisbane-QLD,https://askizzy.org.au/support-and-counselling/Brisbane-QLD
medium,support-and-counselling,Gold-Coast-QLD,https://askizzy.org.au/support-and-counselling/Gold-Coast-QLD
low,support-and-counselling,Sunshine-Coast-QLD,https://askizzy.org.au/support-and-counselling/Sunshine-Coast-QLD
low,support-and-counselling,Townsville-QLD,https://askizzy.org.au/support-and-counselling/Townsville-QLD
low,support-and-counselling,Cairns-QLD,https://askizzy.org.au/support-and-counselling/Cairns-QLD
low,support-and-counselling,Toowoomba-QLD,https://askizzy.org.au/support-and-counselling/Toowoomba-QLD
low,support-and-counselling,Ipswich-QLD,https://askizzy.org.au/support-and-counselling/Ipswich-QLD
low,support-and-counselling,Logan-City-QLD,https://askizzy.org.au/support-and-counselling/Logan-City-QLD
high,support-and-counselling,Queensland,https://askizzy.org.au/support-and-counselling/Queensland
high,support-and-counselling,Sydney-NSW,https://askizzy.org.au/support-and-counselling/Sydney-NSW
medium,support-and-counselling,Newcastle-NSW,https://askizzy.org.au/support-and-counselling/Newcastle-NSW
medium,support-and-counselling,Wollongong-NSW,https://askizzy.org.au/support-and-counselling/Wollongong-NSW
low,support-and-counselling,Parramatta-NSW,https://askizzy.org.au/support-and-counselling/Parramatta-NSW
low,support-and-counselling,Liverpool-NSW,https://askizzy.org.au/support-and-counselling/Liverpool-NSW
low,support-and-counselling,Penrith-NSW,https://askizzy.org.au/support-and-counselling/Penrith-NSW
low,support-and-counselling,Blacktown-NSW,https://askizzy.org.au/support-and-counselling/Blacktown-NSW
high,support-and-counselling,New-South-Wales,https://askizzy.org.au/support-and-counselling/New-South-Wales
high,support-and-counselling,Melbourne-VIC,https://askizzy.org.au/support-and-counselling/Melbourne-VIC
low,support-and-counselling,Geelong-VIC,https://askizzy.org.au/support-and-counselling/Geelong-VIC
low,support-and-counselling,Ballarat-VIC,https://askizzy.org.au/support-and-counselling/Ballarat-VIC
low,support-and-counselling,Bendigo-VIC,https://askizzy.org.au/support-and-counselling/Bendigo-VIC
low,support-and-counselling,Shepparton-VIC,https://askizzy.org.au/support-and-counselling/Shepparton-VIC
high,support-and-counselling,Victoria,https://askizzy.org.au/support-and-counselling/Victoria
high,support-and-counselling,Adelaide-SA,https://askizzy.org.au/support-and-counselling/Adelaide-SA
low,support-and-counselling,Mount-Gambier-SA,https://askizzy.org.au/support-and-counselling/Mount-Gambier-SA
low,support-and-counselling,South-Australia,https://askizzy.org.au/support-and-counselling/South-Australia
high,support-and-counselling,Perth-WA,https://askizzy.org.au/support-and-counselling/Perth-WA
low,support-and-counselling,Mandurah-WA,https://askizzy.org.au/support-and-counselling/Mandurah-WA
low,support-and-counselling,Bunbury-WA,https://askizzy.org.au/support-and-counselling/Bunbury-WA
low,support-and-counselling,Western-Australia,https://askizzy.org.au/support-and-counselling/Western-Australia
low,support-and-counselling,Hobart-TAS,https://askizzy.org.au/support-and-counselling/Hobart-TAS
low,support-and-counselling,Launceston-TAS,https://askizzy.org.au/support-and-counselling/Launceston-TAS
low,support-and-counselling,Tasmania,https://askizzy.org.au/support-and-counselling/Tasmania
low,support-and-counselling,Darwin-NT,https://askizzy.org.au/support-and-counselling/Darwin-NT
low,support-and-counselling,Alice-Springs-NT,https://askizzy.org.au/support-and-counselling/Alice-Springs-NT
low,support-and-counselling,Northern-Territory,https://askizzy.org.au/support-and-counselling/Northern-Territory
low,support-and-counselling,Canberra-ACT,https://askizzy.org.au/support-and-counselling/Canberra-ACT
low,support-and-counselling,Australian-Capital-Territory,https://askizzy.org.au/support-and-counselling/Australian-Capital-Territory
high,domestic-and-family-violence-help,Brisbane-QLD,https://askizzy.org.au/domestic-and-family-violence-help/Brisbane-QLD
medium,domestic-and-family-violence-help,Gold-Coast-QLD,https://askizzy.org.au/domestic-and-family-violence-help/Gold-Coast-QLD
low,domestic-and-family-violence-help,Sunshine-Coast-QLD,https://askizzy.org.au/domestic-and-family-violence-help/Sunshine-Coast-QLD
low,domestic-and-family-violence-help,Townsville-QLD,https://askizzy.org.au/domestic-and-family-violence-help/Townsville-QLD
low,domestic-and-family-violence-help,Cairns-QLD,https://askizzy.org.au/domestic-and-family-violence-help/Cairns-QLD
low,domestic-and-family-violence-help,Toowoomba-QLD,https://askizzy.org.au/domestic-and-family-violence-help/Toowoomba-QLD
low,domestic-and-family-violence-help,Ipswich-QLD,https://askizzy.org.au/domestic-and-family-violence-help/Ipswich-QLD
low,domestic-and-family-violence-help,Logan-City-QLD,https://askizzy.org.au/domestic-and-family-violence-help/Logan-City-QLD
high,domestic-and-family-violence-help,Queensland,https://askizzy.org.au/domestic-and-family-violence-help/Queensland
high,domestic-and-family-violence-help,Sydney-NSW,https://askizzy.org.au/domestic-and-family-violence-help/Sydney-NSW
medium,domestic-and-family-violence-help,Newcastle-NSW,https://askizzy.org.au/domestic-and-family-violence-help/Newcastle-NSW
medium,domestic-and-family-violence-help,Wollongong-NSW,https://askizzy.org.au/domestic-and-family-violence-help/Wollongong-NSW
low,domestic-and-family-violence-help,Parramatta-NSW,https://askizzy.org.au/domestic-and-family-violence-help/Parramatta-NSW
low,domestic-and-family-violence-help,Liverpool-NSW,https://askizzy.org.au/domestic-and-family-violence-help/Liverpool-NSW
low,domestic-and-family-violence-help,Penrith-NSW,https://askizzy.org.au/domestic-and-family-violence-help/Penrith-NSW
low,domestic-and-family-violence-help,Blacktown-NSW,https://askizzy.org.au/domestic-and-family-violence-help/Blacktown-NSW
high,domestic-and-family-violence-help,New-South-Wales,https://askizzy.org.au/domestic-and-family-violence-help/New-South-Wales
high,domestic-and-family-violence-help,Melbourne-VIC,https://askizzy.org.au/domestic-and-family-violence-help/Melbourne-VIC
low,domestic-and-family-violence-help,Geelong-VIC,https://askizzy.org.au/domestic-and-family-violence-help/Geelong-VIC
low,domestic-and-family-violence-help,Ballarat-VIC,https://askizzy.org.au/domestic-and-family-violence-help/Ballarat-VIC
low,domestic-and-family-violence-help,Bendigo-VIC,https://askizzy.org.au/domestic-and-family-violence-help/Bendigo-VIC
low,domestic-and-family-violence-help,Shepparton-VIC,https://askizzy.org.au/domestic-and-family-violence-help/Shepparton-VIC
high,domestic-and-family-violence-help,Victoria,https://askizzy.org.au/domestic-and-family-violence-help/Victoria
high,domestic-and-family-violence-help,Adelaide-SA,https://askizzy.org.au/domestic-and-family-violence-help/Adelaide-SA
low,domestic-and-family-violence-help,Mount-Gambier-SA,https://askizzy.org.au/domestic-and-family-violence-help/Mount-Gambier-SA
low,domestic-and-family-violence-help,South-Australia,https://askizzy.org.au/domestic-and-family-violence-help/South-Australia
high,domestic-and-family-violence-help,Perth-WA,https://askizzy.org.au/domestic-and-family-violence-help/Perth-WA
low,domestic-and-family-violence-help,Mandurah-WA,https://askizzy.org.au/domestic-and-family-violence-help/Mandurah-WA
low,domestic-and-family-violence-help,Bunbury-WA,https://askizzy.org.au/domestic-and-family-violence-help/Bunbury-WA
low,domestic-and-family-violence-help,Western-Australia,https://askizzy.org.au/domestic-and-family-violence-help/Western-Australia
low,domestic-and-family-violence-help,Hobart-TAS,https://askizzy.org.au/domestic-and-family-violence-help/Hobart-TAS
low,domestic-and-family-violence-help,Launceston-TAS,https://askizzy.org.au/domestic-and-family-violence-help/Launceston-TAS
low,domestic-and-family-violence-help,Tasmania,https://askizzy.org.au/domestic-and-family-violence-help/Tasmania
low,domestic-and-family-violence-help,Darwin-NT,https://askizzy.org.au/domestic-and-family-violence-help/Darwin-NT
low,domestic-and-family-violence-help,Alice-Springs-NT,https://askizzy.org.au/domestic-and-family-violence-help/Alice-Springs-NT
low,domestic-and-family-violence-help,Northern-Territory,https://askizzy.org.au/domestic-and-family-violence-help/Northern-Territory
low,domestic-and-family-violence-help,Canberra-ACT,https://askizzy.org.au/domestic-and-family-violence-help/Canberra-ACT
low,domestic-and-family-violence-help,Australian-Capital-Territory,https://askizzy.org.au/domestic-and-family-violence-help/Australian-Capital-Territory
high,health-and-wellbeing,Brisbane-QLD,https://askizzy.org.au/health-and-wellbeing/Brisbane-QLD
medium,health-and-wellbeing,Gold-Coast-QLD,https://askizzy.org.au/health-and-wellbeing/Gold-Coast-QLD
low,health-and-wellbeing,Sunshine-Coast-QLD,https://askizzy.org.au/health-and-wellbeing/Sunshine-Coast-QLD
low,health-and-wellbeing,Townsville-QLD,https://askizzy.org.au/health-and-wellbeing/Townsville-QLD
low,health-and-wellbeing,Cairns-QLD,https://askizzy.org.au/health-and-wellbeing/Cairns-QLD
low,health-and-wellbeing,Toowoomba-QLD,https://askizzy.org.au/health-and-wellbeing/Toowoomba-QLD
low,health-and-wellbeing,Ipswich-QLD,https://askizzy.org.au/health-and-wellbeing/Ipswich-QLD
low,health-and-wellbeing,Logan-City-QLD,https://askizzy.org.au/health-and-wellbeing/Logan-City-QLD
high,health-and-wellbeing,Queensland,https://askizzy.org.au/health-and-wellbeing/Queensland
high,health-and-wellbeing,Sydney-NSW,https://askizzy.org.au/health-and-wellbeing/Sydney-NSW
medium,health-and-wellbeing,Newcastle-NSW,https://askizzy.org.au/health-and-wellbeing/Newcastle-NSW
medium,health-and-wellbeing,Wollongong-NSW,https://askizzy.org.au/health-and-wellbeing/Wollongong-NSW
low,health-and-wellbeing,Parramatta-NSW,https://askizzy.org.au/health-and-wellbeing/Parramatta-NSW
low,health-and-wellbeing,Liverpool-NSW,https://askizzy.org.au/health-and-wellbeing/Liverpool-NSW
low,health-and-wellbeing,Penrith-NSW,https://askizzy.org.au/health-and-wellbeing/Penrith-NSW
low,health-and-wellbeing,Blacktown-NSW,https://askizzy.org.au/health-and-wellbeing/Blacktown-NSW
high,health-and-wellbeing,New-South-Wales,https://askizzy.org.au/health-and-wellbeing/New-South-Wales
high,health-and-wellbeing,Melbourne-VIC,https://askizzy.org.au/health-and-wellbeing/Melbourne-VIC
low,health-and-wellbeing,Geelong-VIC,https://askizzy.org.au/health-and-wellbeing/Geelong-VIC
low,health-and-wellbeing,Ballarat-VIC,https://askizzy.org.au/health-and-wellbeing/Ballarat-VIC
low,health-and-wellbeing,Bendigo-VIC,https://askizzy.org.au/health-and-wellbeing/Bendigo-VIC
low,health-and-wellbeing,Shepparton-VIC,https://askizzy.org.au/health-and-wellbeing/Shepparton-VIC
high,health-and-wellbeing,Victoria,https://askizzy.org.au/health-and-wellbeing/Victoria
high,health-and-wellbeing,Adelaide-SA,https://askizzy.org.au/health-and-wellbeing/Adelaide-SA
low,health-and-wellbeing,Mount-Gambier-SA,https://askizzy.org.au/health-and-wellbeing/Mount-Gambier-SA
low,health-and-wellbeing,South-Australia,https://askizzy.org.au/health-and-wellbeing/South-Australia
high,health-and-wellbeing,Perth-WA,https://askizzy.org.au/health-and-wellbeing/Perth-WA
low,health-and-wellbeing,Mandurah-WA,https://askizzy.org.au/health-and-wellbeing/Mandurah-WA
low,health-and-wellbeing,Bunbury-WA,https://askizzy.org.au/health-and-wellbeing/Bunbury-WA
low,health-and-wellbeing,Western-Australia,https://askizzy.org.au/health-and-wellbeing/Western-Australia
low,health-and-wellbeing,Hobart-TAS,https://askizzy.org.au/health-and-wellbeing/Hobart-TAS
low,health-and-wellbeing,Launceston-TAS,https://askizzy.org.au/health-and-wellbeing/Launceston-TAS
low,health-and-wellbeing,Tasmania,https://askizzy.org.au/health-and-wellbeing/Tasmania
low,health-and-wellbeing,Darwin-NT,https://askizzy.org.au/health-and-wellbeing/Darwin-NT
low,health-and-wellbeing,Alice-Springs-NT,https://askizzy.org.au/health-and-wellbeing/Alice-Springs-NT
low,health-and-wellbeing,Northern-Territory,https://askizzy.org.au/health-and-wellbeing/Northern-Territory
low,health-and-wellbeing,Canberra-ACT,https://askizzy.org.au/health-and-wellbeing/Canberra-ACT
low,health-and-wellbeing,Australian-Capital-Territory,https://askizzy.org.au/health-and-wellbeing/Australian-Capital-Territory
high,work-learning-and-things-to-do,Brisbane-QLD,https://askizzy.org.au/work-learning-and-things-to-do/Brisbane-QLD
medium,work-learning-and-things-to-do,Gold-Coast-QLD,https://askizzy.org.au/work-learning-and-things-to-do/Gold-Coast-QLD
low,work-learning-and-things-to-do,Sunshine-Coast-QLD,https://askizzy.org.au/work-learning-and-things-to-do/Sunshine-Coast-QLD
low,work-learning-and-things-to-do,Townsville-QLD,https://askizzy.org.au/work-learning-and-things-to-do/Townsville-QLD
low,work-learning-and-things-to-do,Cairns-QLD,https://askizzy.org.au/work-learning-and-things-to-do/Cairns-QLD
low,work-learning-and-things-to-do,Toowoomba-QLD,https://askizzy.org.au/work-learning-and-things-to-do/Toowoomba-QLD
low,work-learning-and-things-to-do,Ipswich-QLD,https://askizzy.org.au/work-learning-and-things-to-do/Ipswich-QLD
low,work-learning-and-things-to-do,Logan-City-QLD,https://askizzy.org.au/work-learning-and-things-to-do/Logan-City-QLD
high,work-learning-and-things-to-do,Queensland,https://askizzy.org.au/work-learning-and-things-to-do/Queensland
high,work-learning-and-things-to-do,Sydney-NSW,https://askizzy.org.au/work-learning-and-things-to-do/Sydney-NSW
medium,work-learning-and-things-to-do,Newcastle-NSW,https://askizzy.org.au/work-learning-and-things-to-do/Newcastle-NSW
medium,work-learning-and-things-to-do,Wollongong-NSW,https://askizzy.org.au/work-learning-and-things-to-do/Wollongong-NSW
low,work-learning-and-things-to-do,Parramatta-NSW,https://askizzy.org.au/work-learning-and-things-to-do/Parramatta-NSW
low,work-learning-and-things-to-do,Liverpool-NSW,https://askizzy.org.au/work-learning-and-things-to-do/Liverpool-NSW
low,work-learning-and-things-to-do,Penrith-NSW,https://askizzy.org.au/work-learning-and-things-to-do/Penrith-NSW
low,work-learning-and-things-to-do,Blacktown-NSW,https://askizzy.org.au/work-learning-and-things-to-do/Blacktown-NSW
high,work-learning-and-things-to-do,New-South-Wales,https://askizzy.org.au/work-learning-and-things-to-do/New-South-Wales
high,work-learning-and-things-to-do,Melbourne-VIC,https://askizzy.org.au/work-learning-and-things-to-do/Melbourne-VIC
low,work-learning-and-things-to-do,Geelong-VIC,https://askizzy.org.au/work-learning-and-things-to-do/Geelong-VIC
low,work-learning-and-things-to-do,Ballarat-VIC,https://askizzy.org.au/work-learning-and-things-to-do/Ballarat-VIC
low,work-learning-and-things-to-do,Bendigo-VIC,https://askizzy.org.au/work-learning-and-things-to-do/Bendigo-VIC
low,work-learning-and-things-to-do,Shepparton-VIC,https://askizzy.org.au/work-learning-and-things-to-do/Shepparton-VIC
high,work-learning-and-things-to-do,Victoria,https://askizzy.org.au/work-learning-and-things-to-do/Victoria
high,work-learning-and-things-to-do,Adelaide-SA,https://askizzy.org.au/work-learning-and-things-to-do/Adelaide-SA
low,work-learning-and-things-to-do,Mount-Gambier-SA,https://askizzy.org.au/work-learning-and-things-to-do/Mount-Gambier-SA
low,work-learning-and-things-to-do,South-Australia,https://askizzy.org.au/work-learning-and-things-to-do/South-Australia
high,work-learning-and-things-to-do,Perth-WA,https://askizzy.org.au/work-learning-and-things-to-do/Perth-WA
low,work-learning-and-things-to-do,Mandurah-WA,https://askizzy.org.au/work-learning-and-things-to-do/Mandurah-WA
low,work-learning-and-things-to-do,Bunbury-WA,https://askizzy.org.au/work-learning-and-things-to-do/Bunbury-WA
low,work-learning-and-things-to-do,Western-Australia,https://askizzy.org.au/work-learning-and-things-to-do/Western-Australia
low,work-learning-and-things-to-do,Hobart-TAS,https://askizzy.org.au/work-learning-and-things-to-do/Hobart-TAS
low,work-learning-and-things-to-do,Launceston-TAS,https://askizzy.org.au/work-learning-and-things-to-do/Launceston-TAS
low,work-learning-and-things-to-do,Tasmania,https://askizzy.org.au/work-learning-and-things-to-do/Tasmania
low,work-learning-and-things-to-do,Darwin-NT,https://askizzy.org.au/work-learning-and-things-to-do/Darwin-NT
low,work-learning-and-things-to-do,Alice-Springs-NT,https://askizzy.org.au/work-learning-and-things-to-do/Alice-Springs-NT
low,work-learning-and-things-to-do,Northern-Territory,https://askizzy.org.au/work-learning-and-things-to-do/Northern-Territory
low,work-learning-and-things-to-do,Canberra-ACT,https://askizzy.org.au/work-learning-and-things-to-do/Canberra-ACT
low,work-learning-and-things-to-do,Australian-Capital-Territory,https://askizzy.org.au/work-learning-and-things-to-do/Australian-Capital-Territory